permalink,title,description,keywords,h1,h2,nagivation,template
index,,,,,,,full
/404.html,,,,Page Moved,,,container-h1
download,,a,b,Download,,no,full-h1
pricing,,,,Purchase,,no,full-h1
contact-us,,,,Contact Us,,no,full-h1
tutorials,,,,Tutorials,,,container-h1
overview,,,,Overview,,,
requirements,,,,Requirements,,,
installing,,,,Installing,,,
upgrading,,,,Upgrading,,,
licensing,,,,Licensing,,,
tutorial-bulk-savechanges,,,,Bulk SaveChanges,,,
tutorial-bulk-operations,,,,Bulk Operations,,,
tutorial-batch-operations,,,,Batch Operations,,,
api,,,,API,,,
bulk-savechanges,,,,Bulk SaveChanges,,,
bulk-insert,,,,Bulk Insert,,,
bulk-update,,,,Bulk Update,,,
bulk-delete,,,,Bulk Delete,,,
bulk-merge,,,,Bulk Merge,,,
bulk-synchronize,,,,Bulk Synchronize,,,
update-from-query,,,,Update from Query,,,
delete-from-query,,,,Delete from Query,,,
audit,,,,Audit,,,
batch,,,,Batch,,,
column,,,,Column,,,
execute-event,,,,Execute Event,,,
identity,,,,Identity,,,
key,,,,Key,,,
logging,,,,Logging,,,
temporary-table,,,,Temporary Table,,,
transient-error,,,,Transient Error,,,
sql-server,,,,SQL Server,,,
faq,,,,FAQ,,,
issue-tracker,,,,Issue Tracker,,,
faq-general,,,,FAQ - General,,,
faq-installation,,,,FAQ - Installation,,,
faq-license,,,,FAQ - License,,,
problems,,,,Problems,,,
trial-period-expired-exception,,,,trial-period-expired-exception,,,
md5-exception,,,,md5-exception,,,
dbupdateconcurrency-exception,,,,dbupdateconcurrency-exception,,,
dbbulkoperationconcurrency-exception,,,,dbbulkoperationconcurrency-exception,,,
foreign-key-constraint-autodetectchanges-disabled,,,,foreign-key-constraint-autodetectchanges-disabled,,,
type-not-supported-exception,,,,type-not-supported-exception,,,
allow-concurrency,,,,allow-concurrency,,no,
allow-duplicate-keys,,,,allow-duplicate-keys,,no,
allow-update-primary-keys,,,,allow-update-primary-keys,,no,
audit-entries,,,,audit-entries,,no,
batch-delay-interval,,,,batch-delay-interval,,no,
batch-size,,,,batch-size,,no,
batch-timeout,,,,batch-timeout,,no,
bulk-operation-executed,,,,bulk-operation-executed,,no,
bulk-operation-executing,,,,bulk-operation-executing,,no,
column-input-expression,,,,column-input-expression,,no,
column-output-expression,,,,column-output-expression,,no,
column-primary-key-expression,,,,column-primary-key-expression,,no,
include-graph,,,,include-graph,,no,
ignore-on-merge-insert-expression,,,,ignore-on-merge-insert-expression,,no,
ignore-on-merge-update-expression,,,,ignore-on-merge-update-expression,,no,
insert-keep-identity,,,,insert-keep-identity,,no,
log,,,,log,,no,
log-dump,,,,log-dump,,no,
merge-keep-identity,,,,merge-keep-identity,,no,
retry-count,,,,retry-count,,no,
retry-interval,,,,retry-interval,,no,
sql-bulk-copy-options,,,,sql-bulk-copy-options,,no,
synchronize-keep-identity,,,,synchronize-keep-identity,,no,
temporary-table-batch-by-table,,,,temporary-table-batch-by-table,,no,
temporary-table-insert-batch-size,,,,temporary-table-insert-batch-size,,no,
temporary-table-min-record,,,,temporary-table-min-record,,no,
temporary-table-schema-name,,,,temporary-table-schema-name,,no,
temporary-table-use-table-lock,,,,temporary-table-use-table-lock,,no,
use-audit,,,,use-audit,,no,
use-log-dump,,,,use-log-dump,,no,
use-permanent-table,,,,use-permanent-table,,no,
