permalink,title,meta-description,meta-keywords,h1,h2,h3,nagivation,template,css
index,Learn how to use Entity Framework Bulk Insert with Tutorials & Examples for Code First & Database First.,Learn how to use Entity Framework Bulk Insert with Tutorials & Examples for Code First & Database First.,,,,,,container-none,
/404.html,Page Moved,Page Moved,,Page Moved,,,,container-none,section-article
download,Download,Download,,Download,Free monthly trial available,,no,container-page,section-article
pricing,Purchase,Purchase,,Purchase,"Unlock better performance, be more responsive!",,no,container-page,section-article
contact-us,Contact Us,Contact Us,,Test our oustanding support,"We usually answer within the next business day, hour, or minutes!",,no,container-page,section-article
tutorials,Tutorials,Tutorials,,Tutorials,,,,container-page,section-article
overview,Overview,Overview,,Overview,,,,container-doc,section-article
requirements,Requirements,Requirements,,Requirements,,,,container-doc,section-article
installing,Installing,Installing,,Installing,,,,container-doc,section-article
upgrading,Upgrading,Upgrading,,Upgrading,,,,container-doc,section-article
licensing,Licensing,Licensing,,Licensing,,,,container-doc,section-article
tutorial-bulk-savechanges,Bulk SaveChanges,Bulk SaveChanges,,Bulk SaveChanges,,,,container-doc,section-article
tutorial-bulk-operations,Bulk Operations,Bulk Operations,,Bulk Operations,,,,container-doc,section-article
tutorial-batch-operations,Batch Operations,Batch Operations,,Batch Operations,,,,container-doc,section-article
api,API,API,,API,,,,container-doc,section-article
bulk-savechanges,Bulk SaveChanges,Bulk SaveChanges,,Bulk SaveChanges,,,,container-doc,section-article
bulk-insert,Bulk Insert,Bulk Insert,,Bulk Insert,,,,container-doc,section-article
bulk-update,Bulk Update,Bulk Update,,Bulk Update,,,,container-doc,section-article
bulk-delete,Bulk Delete,Bulk Delete,,Bulk Delete,,,,container-doc,section-article
bulk-merge,Bulk Merge,Bulk Merge,,Bulk Merge,,,,container-doc,section-article
bulk-synchronize,Bulk Synchronize,Bulk Synchronize,,Bulk Synchronize,,,,container-doc,section-article
update-from-query,Update from Query,Update from Query,,Update from Query,,,,container-doc,section-article
delete-from-query,Delete from Query,Delete from Query,,Delete from Query,,,,container-doc,section-article
audit,Audit,Audit,,Audit,,,,container-doc,section-article
batch,Batch,Batch,,Batch,,,,container-doc,section-article
column,Column,Column,,Column,,,,container-doc,section-article
context-factory,Context Factory,Context Factory,,Context Factory,,,,container-doc,section-article
execute-event,Execute Event,Execute Event,,Execute Event,,,,container-doc,section-article
identity,Identity,Identity,,Identity,,,,container-doc,section-article
include-graph,Include Graph,Include Graph,,Include Graph,,,,container-doc,section-article
key,Key,Key,,Key,,,,container-doc,section-article
logging,Logging,Logging,,Logging,,,,container-doc,section-article
temporary-table,Temporary Table,Temporary Table,,Temporary Table,,,,container-doc,section-article
transaction,Transaction,Transaction,,Transaction,,,,container-doc,section-article
transient-error,Transient Error,Transient Error,,Transient Error,,,,container-doc,section-article
sql-server,SQL Server,SQL Server,,SQL Server,,,,container-doc,section-article
faq,FAQ,FAQ,,FAQ,,,,container-doc,section-article
issue-tracker,Issue Tracker,Issue Tracker,,Issue Tracker,,,,container-doc,section-article
faq-general,FAQ - General,FAQ - General,,FAQ - General,,,,container-doc,section-article
faq-installation,FAQ - Installation,FAQ - Installation,,FAQ - Installation,,,,container-doc,section-article
faq-license,FAQ - License,FAQ - License,,FAQ - License,,,,container-doc,section-article
problems,Problems,Problems,,Problems,,,,container-doc,section-article
trial-period-expired-exception,Trial Expired,Trial Expired,,Trial Expired,,,,container-doc,section-article
md5-exception,MD5 Exception,MD5 Exception,,MD5 Exception,,,,container-doc,section-article
dbupdateconcurrency-exception,DbUpdateConcurrency,DbUpdateConcurrency,,DbUpdateConcurrency,,,,container-doc,section-article
dbbulkoperationconcurrency-exception,DbBulkOperationConcurrency,DbBulkOperationConcurrency,,DbBulkOperationConcurrency,,,,container-doc,section-article
foreign-key-constraint-autodetectchanges-disabled,Foreign Key Constraint,Foreign Key Constraint,,Foreign Key Constraint,,,,container-doc,section-article
type-not-supported-exception,Type not Supported,Type not Supported,,Type not Supported,,,,container-doc,section-article
allow-concurrency,allow-concurrency,allow-concurrency,,allow-concurrency,,,no,container-doc,section-article
allow-duplicate-keys,allow-duplicate-keys,allow-duplicate-keys,,allow-duplicate-keys,,,no,container-doc,section-article
allow-update-primary-keys,allow-update-primary-keys,allow-update-primary-keys,,allow-update-primary-keys,,,no,container-doc,section-article
audit-entries,audit-entries,audit-entries,,audit-entries,,,no,container-doc,section-article
batch-delay-interval,batch-delay-interval,batch-delay-interval,,batch-delay-interval,,,no,container-doc,section-article
batch-size,batch-size,batch-size,,batch-size,,,no,container-doc,section-article
batch-timeout,batch-timeout,batch-timeout,,batch-timeout,,,no,container-doc,section-article
bulk-operation-executed,bulk-operation-executed,bulk-operation-executed,,bulk-operation-executed,,,no,container-doc,section-article
bulk-operation-executing,bulk-operation-executing,bulk-operation-executing,,bulk-operation-executing,,,no,container-doc,section-article
column-input-expression,column-input-expression,column-input-expression,,column-input-expression,,,no,container-doc,section-article
column-output-expression,column-output-expression,column-output-expression,,column-output-expression,,,no,container-doc,section-article
column-primary-key-expression,column-primary-key-expression,column-primary-key-expression,,column-primary-key-expression,,,no,container-doc,section-article
ignore-on-merge-insert-expression,ignore-on-merge-insert-expression,ignore-on-merge-insert-expression,,ignore-on-merge-insert-expression,,,no,container-doc,section-article
ignore-on-merge-update-expression,ignore-on-merge-update-expression,ignore-on-merge-update-expression,,ignore-on-merge-update-expression,,,no,container-doc,section-article
insert-keep-identity,insert-keep-identity,insert-keep-identity,,insert-keep-identity,,,no,container-doc,section-article
log,log,log,,log,,,no,container-doc,section-article
log-dump,log-dump,log-dump,,log-dump,,,no,container-doc,section-article
merge-keep-identity,merge-keep-identity,merge-keep-identity,,merge-keep-identity,,,no,container-doc,section-article
retry-count,retry-count,retry-count,,retry-count,,,no,container-doc,section-article
retry-interval,retry-interval,retry-interval,,retry-interval,,,no,container-doc,section-article
sql-bulk-copy-options,sql-bulk-copy-options,sql-bulk-copy-options,,sql-bulk-copy-options,,,no,container-doc,section-article
synchronize-keep-identity,synchronize-keep-identity,synchronize-keep-identity,,synchronize-keep-identity,,,no,container-doc,section-article
temporary-table-batch-by-table,temporary-table-batch-by-table,temporary-table-batch-by-table,,temporary-table-batch-by-table,,,no,container-doc,section-article
temporary-table-insert-batch-size,temporary-table-insert-batch-size,temporary-table-insert-batch-size,,temporary-table-insert-batch-size,,,no,container-doc,section-article
temporary-table-min-record,temporary-table-min-record,temporary-table-min-record,,temporary-table-min-record,,,no,container-doc,section-article
temporary-table-schema-name,temporary-table-schema-name,temporary-table-schema-name,,temporary-table-schema-name,,,no,container-doc,section-article
temporary-table-use-table-lock,temporary-table-use-table-lock,temporary-table-use-table-lock,,temporary-table-use-table-lock,,,no,container-doc,section-article
use-audit,use-audit,use-audit,,use-audit,,,no,container-doc,section-article
use-log-dump,use-log-dump,use-log-dump,,use-log-dump,,,no,container-doc,section-article
use-permanent-table,use-permanent-table,use-permanent-table,,use-permanent-table,,,no,container-doc,section-article
benchmark,benchmark,benchmark,benchmark,Benchmark,,,no,container-doc,section-article
concurrency,concurrency,concurrency,concurrency,Concurrency,,,no,container-doc,section-article
custom-column,custom-column,custom-column,custom-column,Custom Column,,,no,container-doc,section-article
custom-key,custom-key,custom-key,custom-key,Custom key,,,no,container-doc,section-article
fastest-way-to-insert,fastest-way-to-insert,fastest-way-to-insert,fastest-way-to-insert,Fastest Way to Insert,,,no,container-doc,section-article
improve-bulk-savechanges,improve-bulk-savechanges,improve-bulk-savechanges,improve-bulk-savechanges,Improve BulkSaveChanges,,,no,container-doc,section-article
soft-delete,soft-delete,soft-delete,soft-delete,Soft Delete,,,no,container-doc,section-article
bulk-insert-vs-bulk-savechanges,BulkInsert vs BulkSaveChanges,BulkInsert vs BulkSaveChanges,,BulkInsert vs BulkSaveChanges,,,no,container-doc,section-article
articles,Articles,Articles,,Articles,,,no,container-doc,section-article
trial,Trial,Trial,,Trial,,,no,container-doc,section-article
edmx,Edmx,Edmx,,Edmx,,,no,container-doc,section-article
out-of-memory,Out of memory,Out of memory,,Out of memory,,,no,container-doc,section-article
